{
"lengthUnit": "mil",
"remark": [],
"components": {
	"fields": ["COMPONENT_NO", "COMPONENT_NAME", "LAYER", "X_COORDINATE", "Y_COORDINATE", "ANGLE"],
	"rows": [
		[1, "SW1", "T", -5, 125, 0]
	]
},
"pins": {
	"fields": ["PIN_NO", "PIN_NAME", "PIN_X", "PIN_Y", "LAYER", "PIN_TYPE", "NET_NAME", "NET_TYPE", "PAD_SHAPE", "PAD_SIZEX", "PAD_SIZEY", "HOLE_SIZE", "HOLE_LEN", "PAD_ANGLE"],
	"rows": [
		[1, "SW1_1", -184.13, 213.585, "T", "SMD", "NET_1", "", "R", 90.551, 59.055, 0, 0, 0],
		[2, "SW1_2", 174.13, 213.575, "T", "SMD", "NET_2", "", "R", 90.551, 59.055, 0, 0, 0],
		[3, "SW1_3", -184.13, 36.415, "T", "SMD", "NET_3", "", "R", 90.551, 59.055, 0, 0, 0],
		[4, "SW1_4", 174.13, 36.415, "T", "SMD", "NET_4", "", "R", 90.551, 59.055, 0, 0, 0]
	]
}
}